sample,Shannon,Simpson,Richness,Chao1,Ace,Sobs,Pielou,Goods_coverage
1F1,5.9766570025184,0.993160513669921,1411,1904.64622641509,1893.27324486442,1411,0.571245467556274,0.969141625117909
1F10,5.97140557999842,0.993789810644814,1428,1926.75,1880.70100028787,1428,0.569802555927125,0.971179370496777
1F11,4.69192466927784,0.968891674218783,1076,1450.37931034483,1417.85807489974,1076,0.465863297739297,0.989823923031854
1F12,4.87602539131615,0.969836649593502,1200,1555.15231788079,1505.4634864874,1200,0.476694869549962,0.989819671622335
1F13,5.94722962551931,0.990744154297677,1485,1909.72440944882,1933.15237008859,1485,0.564454260020027,0.967395877156079
1F14,5.85997324783009,0.981834143113852,1462,1820.6171875,1862.30567105826,1462,0.557363998101497,0.972216825335147
1F15,6.1236144390489,0.99478721495001,1429,1914.39737991266,1922.91568271269,1429,0.584270300383329,0.965954991344489
1F16,5.88036091215726,0.991174039844874,1475,1887.73504273504,1898.25353179324,1475,0.55862455110381,0.974885844748858
1F17,5.98869133064462,0.9939131584721,1385,1870.15706806283,1809.6561759121,1385,0.573867435526577,0.97140203038949
1F18,6.12371889298878,0.993258623718794,1496,1899.94594594595,1868.53941976301,1496,0.580618201526407,0.972701519443729
1F19,5.68370656655161,0.988697777133199,1407,1832.90128755365,1843.02250319844,1407,0.543458174532831,0.973930324994155
1F2,6.00802563467186,0.994064568238418,1363,1699.961352657,1681.10002471311,1363,0.576997390948138,0.9760348583878
1F20,6.0835283129797,0.991677178172112,1584,1949.2786259542,1978.00418468573,1584,0.57233269429379,0.975598885793872
1F21,6.08969434251459,0.992651349101854,1621,2145.875,2073.52297781527,1621,0.571122924210706,0.971811697574893
1F3,5.35771982426149,0.978447139472577,1299,1704.07211538462,1718.02737618605,1299,0.517995129514068,0.976578527467518
1F4,6.07807621014508,0.992974584160712,1537,2054.44131455399,1991.2682192414,1537,0.574167088087017,0.972240269328451
1F5,5.95054911988687,0.988759042261715,1481,1817.11203319502,1828.44923730535,1481,0.564977974737754,0.975900011960292
1F6,5.68022136046971,0.983004406958991,1470,1897.59130434783,1904.21762565806,1470,0.539862865256159,0.976242709615282
1F7,5.84684988548162,0.980994208705165,1592,2008.31983805668,1976.41672974589,1592,0.549690347649288,0.974178136730747
1F8,6.18027829198839,0.994724039122928,1526,2043.61052631579,1935.74189189415,1526,0.584393679389756,0.974351568366934
1F9,5.98348341058282,0.989324931232299,1506,1872.77647058824,1896.06990645017,1506,0.566805283831078,0.971108293854674
1M1,5.80979310364286,0.992502947850331,1295,1678.07614213198,1686.49397139387,1295,0.561944215294564,0.979772242733087
1M10,5.79208135970095,0.986444192973114,1553,1915.18061674009,1906.28173911755,1553,0.546379362809302,0.982541388948613
1M11,5.40582086256607,0.972498591907469,1480,1808.78318584071,1801.33900135168,1480,0.513305959226079,0.983409266741167
1M12,5.52744652072042,0.983860773308065,1536,1901.14163090129,1897.32742842113,1536,0.522198025769467,0.983802015923442
1M13,6.14220446543134,0.993273306754226,1705,2156.02702702703,2092.69820993677,1705,0.572136594672011,0.981001653873881
1M14,5.87593784642705,0.991336710974494,1653,2048.43913043478,2011.22008551968,1653,0.549621994439909,0.98455975411318
1M15,5.86769315373157,0.991831750609667,1518,1809.68122270742,1817.12488917408,1518,0.55523443813149,0.984796876298081
1M16,6.10528722081293,0.994342655593355,1566,1952.38248847926,1913.4522584363,1566,0.575272106911654,0.979679833473757
1M17,5.89306560525676,0.991277686359499,1508,1915.41935483871,1894.70941196661,1508,0.55813892676686,0.980135887515335
1M18,5.96643193378216,0.988690144515888,1647,2032.28571428571,2014.10666000317,1647,0.558360603453018,0.97953133822699
1M19,6.46010536178344,0.996631905109652,1862,2250.29083665339,2215.36461563164,1862,0.594708738692097,0.982266088910287
1M2,5.66443120699261,0.989725849041342,1370,1761.07462686567,1745.50816040289,1370,0.543613517740192,0.981743768969006
1M20,6.19715205083661,0.993550634319719,1793,2215.27659574468,2161.23583426838,1793,0.573377168830652,0.982047256772531
1M21,5.22758590157148,0.954191332810005,1599,2015.95378151261,2005.51437505882,1599,0.491178087568812,0.984598383866289
1M22,6.14696957070689,0.994081376733697,1610,1929.77118644068,1932.25551827983,1610,0.577026098313216,0.98291911829279
1M23,6.06577331289281,0.992708406704045,1575,1943.44230769231,1893.47488245435,1575,0.571103999440475,0.983020747606878
1M24,5.71562505860898,0.974095445941308,1577,1935.09442060086,1930.59091114753,1577,0.538044134780247,0.983542572026396
1M25,6.02281581521861,0.993082867723968,1540,1888.88059701493,1859.94133551999,1540,0.568795743628747,0.985105453389999
1M26,6.14970009371348,0.994338393927924,1659,2153.37980769231,2060.96293835813,1659,0.574947985276757,0.979463518342606
1M27,6.12879058308505,0.992168587113806,1676,2076.04524886878,2038.70225469266,1676,0.572206268596365,0.982821935694467
1M28,6.01637284736976,0.992923842820239,1604,2027.24774774775,1990.51707880409,1604,0.565052485428949,0.98117136659436
1M29,6.3893486913791,0.996216982092463,1838,2155.10112359551,2150.11953224837,1838,0.589210181553248,0.983256116394375
1M3,5.42909445076201,0.981169220491657,1442,1853.41552511416,1840.99050501716,1442,0.517359370635773,0.981980072079712
1M30,6.0914958056034,0.993874578035298,1622,2094.07943925234,2018.84853836193,1622,0.571244208177973,0.979037592583966
1M31,5.83479393342214,0.985794577541161,1611,2104.70646766169,1995.87341658207,1611,0.547675605650555,0.981532091097308
1M32,5.80634302757476,0.989664322713061,1592,1963.16740088106,1937.8771133186,1592,0.545882104023898,0.98343943911677
1M33,6.11145170968504,0.994136674014856,1444,1881,1852.01814398259,1444,0.582272877629252,0.969269627446853
1M34,5.97388597244932,0.993290194187999,1376,1841.12444444444,1859.35018326593,1376,0.572965113873133,0.966615642539544
1M35,5.83933885164479,0.985866275124389,1474,1933,1918.07331077158,1474,0.554779089562869,0.970410394956902
1M36,6.21589322476595,0.994038805049443,1525,1940.20920502092,1942.91005741708,1525,0.587813915371453,0.971601400827762
1M4,5.21592681180003,0.968487820387719,1293,1708.625,1695.92182182378,1293,0.504612151273648,0.980078689177748
1M5,6.01909209709007,0.992938156221287,1547,1899.99019607843,1867.07319199799,1547,0.56809304612264,0.984238905018664
1M6,5.89569212366643,0.990725113505633,1450,1787.53424657534,1769.12226800925,1450,0.561396260469761,0.97904419769214
1M7,6.0817813301221,0.993751820204689,1546,1932.17674418605,1896.78659230983,1546,0.574060316017597,0.98012761190395
1M8,5.96898067047355,0.991361834850169,1540,1914.30803571429,1896.87561988036,1540,0.563711543459242,0.980355517224857
1M9,5.72586703098302,0.979784916697206,1657,2040.94117647059,2013.04097178007,1657,0.535410081780112,0.982302348660271
2F13,5.15771207793633,0.976628354896384,959,1232.35433070866,1199.03738957843,959,0.520697684535032,0.983025782807175
2F14,5.40578982127137,0.984722064062742,993,1298.31468531469,1280.78963029785,993,0.542987135092362,0.97850243300167
2F15,5.26835557864432,0.990484709752142,679,879.328947368421,854.763704353596,679,0.560030362765728,0.989742688001876
2F16,4.83504466202166,0.974789064140293,763,947.554545454545,957.805297610282,763,0.504937062799886,0.988650410158445
2F17,4.41752863410793,0.963423957223627,711,945.188118811881,935.504480603212,711,0.466293629004194,0.986750136753176
2F18,5.60573682476171,0.990602172467445,1072,1363.02027027027,1355.46575617567,1072,0.556893220266289,0.984025211910454
2F19,5.25351274765286,0.985317025366274,903,1160.3781512605,1121.45213571205,903,0.535058183828406,0.984635400532805
2F20,5.07723999444936,0.972920342513587,944,1229.66878980892,1257.24147417888,944,0.513753250935965,0.97781393285017
2F21,5.2975682353233,0.985680001462896,864,1098.74489795918,1050.27482986524,864,0.543068101415664,0.988647763873489
2F22,5.01707196404539,0.972422695629777,877,1071.27419354839,1053.44609981235,877,0.513180210757379,0.987090717051989
2F23,4.73578074552422,0.965588881920835,772,927.325757575758,952.486111038246,772,0.49369840564571,0.986629783310281
2F24,3.35346444601156,0.75324927837254,694,940.385416666667,923.073017762454,694,0.355285347784795,0.988086129631654
2F25,4.79576556965462,0.970997513427679,849,1146.90082644628,1123.42232386673,849,0.492903649182045,0.983075374355103
2F26,4.9015605591189,0.971987418905096,792,1014.07086614173,1008.89503557157,792,0.509022643205251,0.980639388269747
2F27,5.36038002487834,0.988137368487117,884,1139.47008547009,1121.97029805858,884,0.547653595073348,0.985161407546484
2F28,4.39043969900162,0.911611184366637,903,1130.94,1143.65402497748,903,0.447156179949402,0.984864240323512
2F29,5.00466272173843,0.975822536286227,876,1080.75757575758,1083.62731445098,876,0.51199710962733,0.986039544637508
2F30,5.55567614483437,0.989466743368908,1003,1277.725,1275.25811371757,1003,0.557233414147143,0.974632729757431
2F31,4.90136049986122,0.94745293835566,867,1146.63157894737,1106.91681705927,867,0.50219432926364,0.98275744564847
2F32,5.4145539082074,0.987273102166223,967,1317.390625,1278.09908153414,967,0.545966599298252,0.980473834938818
2F33,5.3643201699282,0.989278581343644,877,1102.00900900901,1075.43504513749,877,0.548699116756163,0.987717278061085
2F34,5.16355507391534,0.981744363996083,857,1009.25663716814,1000.72398929927,857,0.529967652666829,0.991018397798059
2F35,5.07580607457138,0.976074638676796,982,1287.1320754717,1288.94086214733,982,0.510666092107939,0.977531326515915
2M13,4.9145224848339,0.953711717499664,902,1219.0625,1153.58803650353,902,0.500614310203383,0.981928934010152
2M14,5.8001835101008,0.992893108705465,1074,1326.57142857143,1303.58656727546,1074,0.576056334737497,0.981058766391452
2M15,5.60445486454009,0.989910165379353,1116,1493.04545454545,1414.55834437045,1116,0.553574447788545,0.98266593527153
2M16,5.26454513038767,0.980525630446791,886,1062.97435897436,1049.34804815983,886,0.537683336525986,0.989372232352175
2M17,5.10341545768689,0.983385236242738,859,1094.74285714286,1052.64143663857,859,0.523614421477685,0.987254957992799
2M18,5.29233408913198,0.984580904028373,944,1219.85365853659,1194.39942280714,944,0.535518085870128,0.985357643758766
2M19,5.25089081425226,0.987465401314316,839,1070.52380952381,1050.95582829917,839,0.540630755931436,0.987855808330586
2M20,5.29116087580962,0.985708756761707,1002,1256.98675496689,1247.90968990065,1002,0.530779188990595,0.983898059658268
2M21,5.21235895150096,0.982949891302347,1004,1346.04545454545,1310.92949745751,1004,0.522723380116592,0.984424320827943
2M22,4.69137726850945,0.9698096470229,742,977.088495575221,970.568315964382,742,0.492002284486935,0.982635495752838
2M23,5.44737232946918,0.989154294187968,821,968.06,954.632885999865,821,0.562673089719816,0.989439430220421
2M24,4.98328434902994,0.978563192709337,867,1083.95454545455,1116.81781815936,867,0.510588262434879,0.981865284974093
2M25,3.81008238903696,0.905333202632813,633,800.126582278481,778.311526409094,633,0.409419421038784,0.993846270009061
2M26,5.12529288424059,0.975041822768364,917,1134.74590163934,1109.70002197947,917,0.52082192322944,0.985934360348292
2M27,5.43760590911712,0.983310870091013,1060,1385.38970588235,1323.59011884173,1060,0.541063468007625,0.981011851663056
2M28,5.28731527427648,0.982351299787397,953,1224.02173913043,1218.9034873102,953,0.534270177928494,0.981786758840734
2M29,5.50399084974839,0.989887503494157,1074,1452.39285714286,1414.96433453794,1074,0.546639393359414,0.981999889569875
2M30,5.08906152990927,0.978945844708615,939,1150.02912621359,1106.89240603319,939,0.51534897644322,0.99160945842868
2M31,3.43971849709065,0.7980086382131,619,816.505617977528,822.657109297656,619,0.370907301146693,0.991178678678679
2M32,4.81625017111212,0.964169183327887,915,1174.46218487395,1133.92155150278,915,0.489574336804531,0.987072993458623
2M33,5.28603958197349,0.986491366962489,872,1056.55454545455,1041.34208330173,872,0.54114863174372,0.989480262472659
2M34,5.31884376098647,0.988929876380291,882,1101.09523809524,1068.61050436076,882,0.543591441575499,0.990528634361234
2M35,5.24622818926439,0.987945804138026,939,1154.29007633588,1152.99383895262,939,0.531264617579339,0.989852477189392
3F1,5.20461864882269,0.980926121702244,913,1168.04580152672,1158.52289769193,913,0.529222021435615,0.982970609507528
3F10,5.10957886404638,0.967591529912626,1146,1483.03636363636,1455.70745309714,1146,0.502792964642841,0.983383084577114
3F11,4.77806004941008,0.968466387494332,753,956.387096774194,947.1971418696,753,0.499979806644313,0.991758938382216
3F12,4.62819693765836,0.965401096720334,904,1191.02127659574,1222.69869334674,904,0.471294561471016,0.987115149871151
3F13,5.24730376309287,0.984842081531736,1084,1409,1373.01997738985,1084,0.520454889287001,0.988582737098493
3F14,5.31521758565972,0.983052464008019,1144,1451.22222222222,1424.0423776751,1144,0.523157962288244,0.983592086816553
3F15,5.63557714417608,0.988559225612891,1250,1502.06993006993,1472.36356474408,1250,0.547796918912588,0.991237499592821
3F16,5.04972792251173,0.980390844007618,931,1136.13888888889,1103.67945473064,931,0.512005839760658,0.993125020364276
3F18,5.67480687357282,0.991105801307207,1081,1345.50980392157,1328.43605199413,1081,0.563080170344106,0.982425849417278
3F19,2.64022826688035,0.773399609093717,591,826.439024390244,822.354697943897,591,0.286762697989313,0.994171770065974
3F2,4.50483496042478,0.961158430619067,819,1155.72413793103,1140.73128998056,819,0.465485168741767,0.987191802753762
3F20,5.33890152144856,0.985887108940487,1037,1332,1324.15265636191,1037,0.53292022780094,0.984403912238964
3F21,5.42211767023458,0.988665548430566,1010,1417.6974789916,1348.46003998593,1010,0.543290765430076,0.983634933123525
3F22,5.29830475231424,0.983101616272179,1058,1387,1405.33433286414,1058,0.527345417321464,0.978613091380428
3F3,5.46103222076688,0.987751435470704,1055,1330.88311688312,1310.25257407706,1055,0.543763555206862,0.980202047596447
3F4,5.33707256574511,0.98805725693643,967,1196,1158.73133099408,967,0.538153910428523,0.990190224345304
3F5,5.09044487780919,0.977440082993104,914,1132.088,1129.59642619544,914,0.517529363317207,0.988488783943329
3F6,4.68391356533022,0.972932019230696,757,1021.42528735632,976.191486919971,757,0.489736548998379,0.989565639407911
3F7,4.58540214642624,0.96827369889799,771,1069.17204301075,1031.55175721516,771,0.478114856010495,0.991330541473808
3F8,4.50009500151903,0.949746798305197,770,1011.15384615385,988.336424654124,770,0.469311599369102,0.993342210386152
3F9,4.49099777271709,0.954698378845539,844,1119.52380952381,1120.12082251916,844,0.461984564249091,0.989007786151476
3M1,5.40381408721519,0.988580530056193,919,1067.50769230769,1070.21177234584,919,0.548949352504973,0.988914523662146
3M10,5.15557488246925,0.97942407749655,948,1177.26168224299,1128.2033419216,948,0.521357947385645,0.991117512903613
3M11,5.81936754005303,0.993489444324017,1237,1474.25149700599,1468.51087663307,1237,0.566492481658767,0.988134309517799
3M13,5.42683916445097,0.987322722233791,1073,1320.21518987342,1328.73139283327,1073,0.539048874816122,0.985633658286301
3M14,4.34464355077,0.880841947819269,1066,1303.95918367347,1288.18128914397,1066,0.431959348399439,0.989251673088623
3M15,5.45586407110486,0.986416407228864,1056,1315.04761904762,1269.61613379834,1056,0.543175029401707,0.988202764976958
3M16,5.34077950617854,0.985051622737843,1000,1230.15909090909,1215.85988987842,1000,0.535911610529068,0.987624010421886
3M17,5.02002949211356,0.976425507787302,869,1059.82608695652,1040.76980053645,869,0.514178049550255,0.988448844884488
3M18,5.02481792719329,0.98059421164078,865,1199.87878787879,1136.23506728852,865,0.515019619739492,0.988243871320514
3M19,5.16557339423237,0.985645998498706,861,1065.02564102564,1059.27123306143,861,0.529809494649975,0.988399809311934
3M2,5.75439690570176,0.991212369626318,1259,1545.5593220339,1526.03985022011,1259,0.558784418706085,0.983161784111903
3M20,5.31872835735622,0.98477249867409,986,1269.50769230769,1235.45008784515,986,0.534790447249992,0.984227312264425
3M21,5.21182516246319,0.981988005025277,953,1225.46153846154,1185.8469046917,953,0.526642088174408,0.986263437941145
3M22,5.30865815334028,0.981084984748888,1041,1308.1171875,1265.18934372495,1041,0.529607766334864,0.987360092628329
3M23,5.40578774222445,0.983508683519631,1151,1415.57286432161,1443.06596004006,1151,0.53161196264605,0.980445246690734
3M24,3.26495007297842,0.769298604988662,804,1075.04424778761,1053.93228094391,804,0.338299926003151,0.990552380952381
3M25,5.4388079289486,0.987069988447937,1087,1366.12727272727,1390.75589481477,1087,0.539236017401091,0.984419844198442
3M26,5.3606713021241,0.983337328942992,1103,1339.25735294118,1304.10982613617,1103,0.530380545112656,0.988916041193926
3M27,5.24306342911295,0.979323169700306,1146,1381.38829787234,1408.44655244283,1146,0.5159281176544,0.98526503164557
3M4,5.7715218423661,0.991397841221495,1210,1483.1914893617,1485.38265803347,1210,0.563581627158071,0.980315202060465
3M5,5.07086085562528,0.979447519700628,882,1139.5641025641,1127.93299750657,882,0.518247327127141,0.986316609189009
3M6,4.36326126506547,0.962369250747417,675,918.222222222222,902.556538294315,675,0.46423877574277,0.992374310239117
3M7,5.62512069188828,0.991085187579029,1194,1492.60103626943,1498.47143381955,1194,0.550317736879225,0.979678441216903
3M8,3.50231390284604,0.905407545133145,472,736.465753424658,742.184126748423,472,0.394287362824701,0.97962139236578
3M9,2.02949961513646,0.471993824555033,759,1064.47457627119,1056.95019323213,759,0.212114227860137,0.990212131135611
4F1,4.84242014952569,0.978492834917687,778,956.759259259259,952.221584038125,778,0.504228296226227,0.990374279292485
4F10,5.11369850409886,0.979975678748709,889,1132.00833333333,1099.47605310695,889,0.522016928095061,0.986042219402469
4F11,4.646326642037,0.967157565367583,805,1012.09259259259,983.995128032367,805,0.481342718652615,0.988415933555543
4F12,5.11987696257916,0.986248209074493,787,986.159574468085,954.472513853961,787,0.532199581240762,0.990356414972411
4F13,4.30049073857355,0.927449574141984,807,1073.63461538462,1031.10344468025,807,0.445350199422956,0.987645272746309
4F14,4.39621285276179,0.956983765733419,719,949.240963855422,898.719842100638,719,0.463254297759928,0.99087013228992
4F15,5.48672451721541,0.981421109112475,1197,1498.28125,1464.26082892492,1197,0.536588088901939,0.985036566589684
4F16,5.14481975312481,0.978004410318201,912,1113.24390243902,1108.18169269305,912,0.523225597531697,0.988810837932765
4F17,5.1103646798635,0.981772215318322,942,1193.8125,1141.37607544894,942,0.517265207524193,0.988822617761706
4F18,4.68597939220185,0.963698449596344,812,1021.02803738318,1013.43139624782,812,0.484823231427485,0.991063524849302
4F19,5.48818305432042,0.982204237221691,1183,1502.45348837209,1476.69233829143,1183,0.537623144382138,0.979925021163381
4F2,5.30658495540815,0.986138557186988,909,1136.08474576271,1121.3075641229,909,0.53993806088696,0.987580964616455
4F20,5.06744634269734,0.980876811678045,810,968.375,954.220786416141,810,0.52448382600154,0.991041102633522
4F21,4.1644757395185,0.957933569513822,573,741.098591549296,726.126470146442,573,0.45451843193468,0.9946735395189
4F22,5.12989285452971,0.980757211009776,1031,1298.15,1280.80299905082,1031,0.51248558298279,0.988822257577612
4F23,4.71602911363814,0.966406597566161,819,1050.42452830189,1033.53595772482,819,0.487307887422792,0.990928407976463
4F3,5.2882722994542,0.979295506769031,959,1222.45454545455,1207.65910237574,959,0.533878413511267,0.987482064222453
4F4,5.18217206497354,0.985155101870424,817,1039.85869565217,997.28751359287,817,0.535669740825488,0.989964901873548
4F5,5.48897346752254,0.988069356302363,1053,1265.85401459854,1248.17761458178,1053,0.546694728940729,0.988570349029424
4F6,4.0351845148903,0.96295872518654,495,698.123076923077,706.235341284259,495,0.450793896449667,0.992178878172832
4F7,4.81774174886491,0.972690930356146,828,1003.90178571429,988.221302228939,828,0.497008122050206,0.990198492833571
4F8,5.31478370397009,0.985040497309019,968,1243.11363636364,1231.91411776044,968,0.535825888192248,0.985105091851934
4F9,5.15439324967737,0.976398745793794,945,1133.61029411765,1133.4346800357,945,0.521479596058436,0.987133707419373
4M1,5.12554892006508,0.986033237245124,852,1073.14285714286,1042.04920716828,852,0.526523041777817,0.989633824446897
4M10,4.47205638517947,0.925813427678625,800,1056.75925925926,1024.07991435524,800,0.463720766587243,0.984754521963824
4M11,4.98840033961838,0.974769827237082,842,1076.26666666667,1086.81091428174,842,0.513332624224619,0.979783393501805
4M12,4.84875566333214,0.969800503301032,653,951.9,941.042710992902,653,0.518531408363868,0.965652600588813
4M13,4.81154921818346,0.97989269025275,667,860.928571428571,838.19381240719,667,0.512873974272634,0.988664829659319
4M14,5.22367228608781,0.986606114342189,925,1194.00751879699,1167.69658134984,925,0.530143933539882,0.984428563128232
4M15,5.66939175185025,0.99223108122047,1011,1196.14893617021,1192.44858476338,1011,0.567986128003072,0.986664337293268
4M16,4.75895511259864,0.977252629769126,815,1074.91304347826,1075.97026880841,815,0.492102602967865,0.988110259147821
4M17,2.89075488047936,0.747321331169501,601,840.4,790.478395319099,601,0.313149779849242,0.991551049448595
4M18,4.67986049573483,0.960347032199775,643,959.893203883495,960.032968946956,643,0.501664012541094,0.962408223201175
4M19,4.50052868003363,0.940446821890904,871,1130.75316455696,1163.25707944898,871,0.460811484013647,0.977642751421672
4M2,4.98016455997642,0.974848535497948,800,964.724770642202,953.555523562722,800,0.516408007541303,0.988791882963662
4M20,3.68753941382396,0.83766436383087,712,1117.17647058824,1097.4528890072,712,0.38915609442676,0.97749824205016
4M21,4.35574512728826,0.958942219427311,610,855.064516129032,848.708341769621,610,0.470755714565461,0.981743729738952
4M22,4.68780397438282,0.975338027022548,605,902,913.197549172855,605,0.507294646733038,0.965265866209262
4M23,5.35310010335235,0.986740016468724,813,1006.51401869159,986.7499894756,813,0.55374349205071,0.984018801410106
4M3,2.67547558021967,0.861934820534178,134,305.111111111111,313.983035878922,134,0.378635976436966,0.998093617021277
4M4,4.81243211195464,0.962190425069984,869,1113.125,1055.16374904523,869,0.492914824664914,0.990277342174829
4M5,5.09407983801229,0.981904205647109,801,1006.59782608696,975.900892609133,801,0.528121524695147,0.990629054735932
4M6,5.25798528567051,0.987618267354486,874,1105.05042016807,1097.03885333561,874,0.538094555807697,0.986256506228434
4M7,4.91662945942281,0.979313373019818,883,1205.71428571429,1132.01638283186,883,0.502400776444192,0.987365887897323
4M8,4.77206048718179,0.973874158164228,677,891.961240310078,942.554184652446,677,0.507503390957855,0.972442783745913
4M9,5.04432217092205,0.977154840599303,869,1169.9406779661,1123.68952886039,869,0.516666234575408,0.979959468588156
CH1,5.39069516167626,0.988374153394067,929,1234.10638297872,1143.13898206901,929,0.546749443911039,0.987782529016494
CH2,5.60436543620131,0.991622729676323,1019,1274,1250.36148463802,1019,0.560832584738199,0.986908049503938
CH3,5.59511079092013,0.991136327136197,1054,1276.71830985915,1263.53264326543,1054,0.557189873349554,0.987348762488077
CH4,5.14455353387764,0.977324893592875,952,1183.66197183099,1202.42042070995,952,0.519924030632956,0.986766220391349
CH5,4.92828822615786,0.976123536546244,941,1198.00769230769,1175.68137176414,941,0.498913021374229,0.987033143086012
CH6,4.41320791726203,0.938471089300145,917,1174.08064516129,1160.44447840655,917,0.448461285431568,0.989626470950018
CH7,4.93775659369958,0.959121597171245,970,1177.375,1163.15087274999,970,0.497665365229641,0.988226564432352
CH8,5.29998807048043,0.98649145425959,1021,1278,1262.6631291383,1021,0.530223242546721,0.98908658541764
CH9,5.4836616863158,0.984912619554782,1043,1260.44360902256,1235.97955221087,1043,0.546915560288931,0.988030792152968
CL1,5.07576629021838,0.982331258169534,898,1096.00751879699,1102.87925823316,898,0.517377221144189,0.988955582232893
CL2,5.185786662375,0.986434648286109,873,1061.95419847328,1083.83517006809,873,0.530795571571995,0.989492036565828
CL3,5.0433235361872,0.981857519798329,890,1210.58510638298,1127.04408791202,890,0.51474767962529,0.989861941067381
CL4,5.28239202024734,0.988567781214979,869,1051.328,1054.57575881582,869,0.541050611395326,0.989222944049957
CL5,5.01028414634344,0.975763268747614,852,1073.27184466019,1053.08505846966,852,0.514682444757628,0.989577752885599
CL6,5.14157553844853,0.980749367370586,856,1146.14678899083,1105.78004903998,856,0.527803003965013,0.986026394588
CM1,5.45289120061605,0.989223729417636,959,1174.25,1192.02285614649,959,0.550497542181197,0.987541149658141
CM2,4.29314161250156,0.88113513169071,902,1127.82677165354,1117.52383735845,902,0.437317793047099,0.98919113673212
CM3,5.29405925968946,0.985147248763206,933,1199.02564102564,1174.80234219832,933,0.536610823985149,0.987047974303181
CM4,4.22779886497393,0.870774409202563,870,1097.71653543307,1095.03666625687,870,0.432960006251882,0.988053338620929
CM5,5.32894378388119,0.9883503738711,922,1209.77777777778,1179.63895441988,922,0.541085166536885,0.98615548455804
CM6,5.08058237295401,0.979870669062066,922,1163.08,1157.07208989697,922,0.51586728456197,0.987568851382081
CM7,5.33325282766998,0.986099649661361,989,1255.5,1204.83121828797,989,0.536014644546818,0.988788525259861
CM8,5.57562455819612,0.991479620936542,1011,1208.28467153285,1203.76767787762,1011,0.558592092877534,0.988769460644913
CM9,5.19336574082174,0.988538473012463,801,1018,1013.95292111558,801,0.538414850288749,0.989025993729139
DH1,5.76581329323952,0.99203007082176,1203,1479.09615384615,1456.92706826796,1203,0.563484764189696,0.986748997160499
DH2,5.39310925117542,0.984234100364653,1132,1378.33802816901,1338.87196259169,1132,0.531620595004878,0.988529628186816
DH3,5.54217571448263,0.986791314529575,1194,1419.55900621118,1407.63557078642,1194,0.542203050145978,0.988328362080145
DH4,5.60066043525049,0.987594947032129,1163,1385.98013245033,1370.45737554106,1163,0.549966708886652,0.989022588135951
DH5,5.3239212696355,0.974443372654938,1223,1435.70348837209,1431.96441175971,1223,0.519092525446645,0.989311772825873
DH6,5.70291639527713,0.990657987902201,1215,1408.17307692308,1391.78351455832,1215,0.55655906777964,0.989920511349668
DH7,5.49058094210593,0.987721057119812,1130,1325.71140939597,1323.64876342025,1130,0.541364916686872,0.990667540781304
DH8,5.49391013059201,0.986610351685259,1167,1368.3904109589,1343.22018828344,1167,0.539221889683644,0.99008487024645
DL1,5.37913540590013,0.985496922858208,1138,1431.20143884892,1376.84908955576,1138,0.529844807297389,0.986520243201207
DL2,5.44091125652905,0.986611088288673,1109,1428.95104895105,1375.81344514843,1109,0.53790289441233,0.984893807956925
DL3,5.52170732287754,0.987562005569773,1114,1389.24657534247,1354.87992544076,1114,0.545540585664993,0.985004488093352
DL4,5.29246443587808,0.977769367808902,1047,1344.00862068966,1274.67008463616,1047,0.527555852508784,0.987720608833691
DL5,5.74636556253809,0.993225278582698,1123,1340.10135135135,1328.15082651339,1123,0.567086244531916,0.988338995500872
DL6,5.13282013233809,0.976646056101565,1073,1336.6275862069,1317.91084209406,1073,0.509843913395267,0.988279597190488
DL7,5.66330332221855,0.990669329396261,1171,1492.23684210526,1443.48540305861,1171,0.555578479665458,0.983514168334562
DL8,5.73841630171499,0.991731962497742,1187,1435.4064516129,1401.62965134848,1187,0.561867986295374,0.985353774827459
DM1,5.75462612599281,0.992445762435499,1157,1444.23684210526,1417.51347064583,1157,0.565500020653395,0.985902748011621
DM2,5.03501139417741,0.979942618570933,1053,1309.05517241379,1280.06028263324,1053,0.501480687716951,0.988526037069726
DM3,4.69193933027891,0.935237298072259,1021,1339.08510638298,1299.42309373436,1021,0.469392619841778,0.984990994596758
DM4,5.43222020027526,0.98753533912069,1116,1341.55900621118,1339.39951409866,1116,0.536562140353668,0.986831195434814
DM5,5.5112472454934,0.984851176643478,1176,1430.52830188679,1418.66774906541,1176,0.540335714635333,0.987709159910298
DM6,5.66492055072595,0.992084341352717,1112,1330.97872340426,1307.74490966057,1112,0.559833337304062,0.988362310712283
DM7,5.66059252958823,0.991777338807146,1165,1430.07006369427,1412.12989376592,1165,0.555716576161524,0.986888667090101
DM8,5.77180057716087,0.992588757080522,1154,1404.38461538462,1403.39811141984,1154,0.567396579848364,0.987169500068735
FF1,5.19173539095002,0.977728281956166,780,1264.11363636364,1290.66781992459,780,0.540393139550934,0.928357014208525
FF10,5.4848968548589,0.977170047124938,1054,1482.13407821229,1486.98630628356,1054,0.546214203453085,0.952651286387245
FF101,3.2359363974205,0.759372237778743,550,769.134831460674,783.228624682035,550,0.355468976212121,0.983549351944167
FF102,4.64202675620447,0.917855944758801,817,1179.94202898551,1205.36172836361,817,0.479836106988417,0.959317248459959
FF103,4.38767863879324,0.934722199393872,505,881.5,883.095058739389,505,0.488598044702858,0.91740412979351
FF104,5.1328241557401,0.984589042463389,573,1089.6,1046.94364449612,573,0.560205733587291,0.914209115281501
FF105,5.05585472337414,0.978144601047426,706,1120.71929824561,1106.98333615237,706,0.534246494641459,0.937487314796022
FF106,5.02770188748279,0.978919288681885,613,986.783018867925,1027.30275708665,613,0.542963421804292,0.930848455125061
FF107,4.98483503098655,0.976945578231292,470,777.318681318681,837.501984198807,470,0.561575566294115,0.887142857142857
FF108,5.18256409971049,0.986029566164188,488,782.461538461538,832.611441451092,488,0.580306407390631,0.900386431945041
FF109,4.8493046139829,0.973954626967635,503,937.289156626506,973.072777100432,503,0.540347736942247,0.890248878008976
FF11,5.71094515270594,0.990415452378023,1102,1509.16,1484.15965333591,1102,0.565109524577854,0.961046990931575
FF110,4.70852318751976,0.966182243775225,528,887.833333333333,923.58357270208,528,0.520601283555493,0.924533885765019
FF111,5.38917397831975,0.98535190961478,903,1305.52,1317.08765393674,903,0.548874967984679,0.954515749575219
FF112,5.31783712144342,0.982285533547956,989,1363.54268292683,1381.89226314501,989,0.534465300354733,0.966653999619989
FF114,4.68553380848017,0.969958277760679,818,1172.77777777778,1168.26705589037,818,0.484244999489797,0.969785575048733
FF115,5.23079626874605,0.98423787443724,783,1194.11304347826,1147.52492623814,783,0.544145201842729,0.955134741442098
FF116,5.46025429850269,0.988508860807666,790,1300.12820512821,1259.71872058278,790,0.567257371641458,0.932435071275142
FF117,5.47149659490318,0.988397607708665,981,1362.52173913043,1375.92236748396,981,0.550557094443305,0.965422125898926
FF118,5.10053677544481,0.953928156464847,974,1371.9,1356.42473750772,974,0.513764187205389,0.964618059106248
FF119,5.25344868375905,0.980188168201252,788,1189.32575757576,1216.90376880231,788,0.545980086402804,0.942331505395365
FF12,4.59627459800245,0.90758005037811,962,1420.66242038217,1440.37015194415,962,0.463806678755193,0.962912356041382
FF120,4.90132847607306,0.947990217465524,932,1291.00561797753,1361.27349223649,932,0.496881182511873,0.958367252006047
FF121,5.11157147447909,0.9841662384931,762,1204.26229508197,1195.94143496855,762,0.533921020314669,0.952905811623247
FF122,5.59032588183882,0.986883820104929,898,1289.78064516129,1296.88289831353,898,0.569826722638912,0.940706761807679
FF123,4.54080399636014,0.898396410298095,827,1262.15671641791,1228.05078568391,827,0.468522922359424,0.948694869486949
FF124,4.91108068897125,0.962270689438562,971,1339.52,1301.2862396186,971,0.494902611668045,0.971734148204736
FF125,5.25525532066815,0.982561826465732,945,1250.22360248447,1269.51161604424,945,0.531684000241446,0.972061571314174
FF126,5.33980339688366,0.981710980129555,984,1410.65625,1411.67166216643,984,0.537067699928034,0.962580906148867
FF127,5.18275437695714,0.97199817647374,930,1320.27950310559,1347.9801442463,930,0.525576381829279,0.960299709237307
FF128,4.51376289720069,0.937772276463193,953,1382,1373.06352784623,953,0.456104616637305,0.968014059753954
FF129,4.8791582180201,0.964465224319873,936,1256.24742268041,1340.17462849919,936,0.494324004901212,0.962931849207183
FF13,5.5933696144569,0.988175738824141,1047,1343.7,1394.47287840946,1047,0.55755025113588,0.96442565477418
FF130,4.5565880638537,0.910035505532208,955,1320.86184210526,1307.89549540013,955,0.460291319863656,0.972496706192358
FF131,5.12813692042452,0.980741558533519,989,1394.84472049689,1385.17124127474,989,0.515399621470722,0.967144672354329
FF132,4.96476938316045,0.957903892958537,936,1335.13664596273,1345.96782440953,936,0.502997561306934,0.958962048468221
FF133,4.71909182705122,0.955084195816901,925,1332.81481481481,1388.13424026241,925,0.478934697069698,0.963766673302807
FF134,5.27362601390204,0.984019119613109,910,1274.17283950617,1310.45258341199,910,0.536497941603016,0.959836544074723
FF135,4.3985399773725,0.937740946591078,772,1166.43902439024,1167.52926867177,772,0.458541535321299,0.967442345820724
FF136,5.08585775145217,0.970351690954253,865,1253.62352941176,1303.99730666616,865,0.521275907536239,0.939201603474194
FF137,5.03960318567194,0.975429586434899,691,1181.00840336134,1216.24505368944,691,0.534278377863818,0.91374527112232
FF14,5.39530967854959,0.973646976441217,1125,1554.38613861386,1593.34466687125,1125,0.532307066654557,0.95625262274444
FF15,5.87324602571554,0.989332033673299,1167,1755.22641509434,1656.53787266739,1167,0.576453335654039,0.952837381548851
FF16,4.54798954870379,0.959388259532843,718,1069.25,1081.33461892208,718,0.479349307375623,0.974629830263633
FF17,5.49207173099351,0.988585124461781,949,1402.9,1349.29708162153,949,0.555300806648181,0.957626112759644
FF18,5.77367197547222,0.992243118419695,938,1239.55487804878,1277.24011783155,938,0.584767778059698,0.95615866388309
FF19,5.56500966999612,0.990008141519251,1013,1432.89528795812,1474.3672952656,1013,0.557369434480246,0.948258064516129
FF2,4.71461224525397,0.955810911253159,658,1210.78,1169.28626539005,658,0.503593309167347,0.923271889400922
FF20,5.44707098951158,0.97910678405041,869,1426.57534246575,1397.76443500285,869,0.55791790497423,0.912818299525248
FF21,5.46986172295346,0.978368323518673,1007,1420.29378531073,1438.11769313665,1007,0.548310453456756,0.948542254467285
FF22,4.92336855353749,0.962188182086748,906,1339.89583333333,1333.71471689178,906,0.501189503886889,0.963258951738454
FF23,5.37005026895686,0.98476334666051,882,1203.3216374269,1271.33065354843,882,0.548824800691975,0.954786871850742
FF24,5.01418596979096,0.959179042129062,832,1186.97368421053,1241.68765785505,832,0.516902956513794,0.95383751929283
FF25,4.44778572003363,0.941662084961617,906,1291.68518518519,1319.17308793699,906,0.452776080884124,0.966150315547906
FF26,5.12603712500613,0.966742992538244,1082,1532.33333333333,1468.18210188147,1082,0.508561423023445,0.963245096172158
FF27,4.56125505515458,0.929096382094465,813,1136.45238095238,1143.69999116142,813,0.471832256750347,0.976679712981083
FF28,5.5850641674765,0.987544236055251,1088,1555.48571428571,1542.98061056769,1088,0.553663914838693,0.959345512949207
FF29,5.28127677286402,0.980636463809012,1009,1396.87037037037,1386.94870122053,1009,0.52925443568156,0.968639575971731
FF3,4.94505850235531,0.973162685395252,857,1184.00617283951,1236.72254427486,857,0.507541995636387,0.960432091273213
FF30,4.75687264387974,0.963511046532808,854,1341.14285714286,1273.7523503296,854,0.488480958801794,0.969373091431651
FF31,4.37867972949675,0.914110893439996,1036,1478.6393442623,1488.5249973726,1036,0.437133226846256,0.967790920716113
FF32,5.27663441851432,0.980905558167459,939,1360.70833333333,1344.07938518018,939,0.534343735218094,0.963573739693143
FF33,5.10951528801058,0.981212563661223,805,1080.1048951049,1107.53452711783,805,0.52932739542605,0.967450480713541
FF34,4.59469903062757,0.953582225398935,706,937.123966942149,964.396145055546,706,0.485516690124966,0.976725915741923
FF35,4.48974663071018,0.964988270325174,576,892.541666666667,838.18251394828,576,0.489616505042735,0.978203300061112
FF36,4.28248425896825,0.91536154209778,748,1056.93129770992,1100.73794439969,748,0.448573541580626,0.970927267163113
FF37,5.06121794522863,0.976208719791281,775,1133.38842975207,1137.57748284424,775,0.527317176598421,0.965208161339781
FF38,5.07102685508093,0.975865376569192,882,1506.41176470588,1406.94963702052,882,0.518264292446571,0.951052498097895
FF39,5.46135767090016,0.987680856377725,954,1384.68085106383,1335.83496100867,954,0.5517723726012,0.960273192942516
FF4,5.23062755351464,0.983868042933545,761,1194.15602836879,1286.04777019164,761,0.546464973378175,0.931075226467113
FF40,5.42167114788726,0.988174307479224,885,1340.6106870229,1305.80853651542,885,0.553823230453148,0.954473684210526
FF42,4.76606237076287,0.944905290607098,892,1293.32575757576,1247.15119476855,892,0.486288240817725,0.966980654309734
FF43,4.92238877510771,0.95919032155431,894,1246.98675496689,1274.81984449728,894,0.502072928694256,0.968144179249878
FF44,5.30371234077486,0.980671528942008,936,1221.50322580645,1226.68629182157,936,0.537337017572611,0.971756231636812
FF45,5.18731187128004,0.977693790411622,936,1288.81578947368,1292.41485806018,936,0.525544092710991,0.969299887682516
FF46,5.33525274590449,0.981586671935626,954,1355.06569343066,1314.76941243901,954,0.539031728634167,0.969032739483257
FF47,4.54669529611316,0.965115039957309,794,1292.1935483871,1287.44439408325,794,0.471991857471461,0.962585034013605
FF48,5.62509840623445,0.99107631403218,963,1276.6976744186,1306.53355705037,963,0.567538688121079,0.963124859896884
FF49,5.49458535688746,0.988661961232774,954,1401.6,1387.18956479405,954,0.555129435118996,0.952981217698223
FF5,4.77456219188993,0.962711415610917,837,1197.1875,1274.97159761209,837,0.491762382946797,0.95952862754434
FF50,4.88603414113075,0.981349906466971,665,1029.90384615385,1038.23398695223,665,0.521054115751872,0.963554733923148
FF51,5.53703890133701,0.985034840236686,939,1315.01183431953,1339.79103293204,939,0.560713859237068,0.945076923076923
FF52,5.53801205379965,0.990848569870251,873,1235.12080536913,1258.89952806852,873,0.566847898853387,0.955850778314546
FF53,5.45163451387261,0.987256864052485,897,1381.12096774194,1304.14265935539,897,0.555780856842357,0.955947695823283
FF54,5.53141671331675,0.989267692876957,954,1395.89808917197,1401.84548076466,954,0.558850583988515,0.952909986112864
FF55,5.16179554580825,0.982589038416136,810,1206.24087591241,1248.55998737639,810,0.534249026791307,0.956169478018329
FF56,5.29293571414889,0.980998626842155,912,1322.34782608696,1366.99813929475,912,0.53828891674006,0.954403106601528
FF57,4.92508808905117,0.973273943751984,785,1224.568,1186.58745200674,785,0.512147150610818,0.952901120726344
FF59,4.64264354725185,0.910875011464348,1000,1298.390625,1366.52430706941,1000,0.465858322299545,0.971605662115755
FF6,4.77282542496946,0.937520784546583,915,1319.5843373494,1350.32367008568,915,0.485160188756073,0.954500371931565
FF60,4.52829475097611,0.922354605387202,898,1290.77931034483,1299.53603410605,898,0.461572976536916,0.970363875493205
FF61,5.44411688317805,0.988363578230603,964,1305.01785714286,1344.24668192689,964,0.549195769116549,0.966669943958313
FF62,4.54005710653103,0.93207862833543,891,1373.43902439024,1285.21383746124,891,0.463305095402076,0.969707612608657
FF63,5.3209667247969,0.979660305771155,1012,1419.55704697987,1353.89124780605,1012,0.533003120254921,0.96945295404814
FF64,5.06851365815842,0.976256898130836,905,1340.65693430657,1335.79905749921,905,0.516048696239853,0.96832662028561
FF67,4.94810681251839,0.966023641037272,955,1338.90625,1373.46165940523,955,0.499841237268704,0.969704816157431
FF68,4.64066378255333,0.952841365361243,840,1159.5306122449,1198.62109964989,840,0.477717366121117,0.972085833787961
FF69,4.70270638588476,0.950239044643579,857,1272.62406015038,1277.13965799228,857,0.482667896213382,0.969060670816687
FF7,4.95895074022825,0.971370945545948,841,1411.12195121951,1387.28079791605,841,0.510392151101656,0.953271028037383
FF70,5.31883345802539,0.980317105152129,1058,1441.30386740332,1455.26410776089,1058,0.529388659336864,0.963680623174294
FF71,5.50764337570821,0.977106530046087,1098,1496.57714285714,1497.71398798421,1098,0.545275467177993,0.966793927017668
FF72,5.04351948680463,0.972034315245834,902,1243.06896551724,1232.99442601381,902,0.513754497344487,0.968864287832361
FF73,5.10430783035865,0.974261255220997,846,1233.59139784946,1111.47666525554,846,0.524890797365774,0.978419574809467
FF74,5.45618283587492,0.989639434743745,956,1314.47133757962,1347.80485454312,956,0.551081328705168,0.969816744520302
FF75,4.71336212354494,0.952039106256256,928,1305.71812080537,1311.02018829622,928,0.478126517577441,0.971619224596672
FF76,3.75520995759327,0.776688598264135,885,1252.19424460432,1232.11557052991,885,0.383594366573591,0.972291973331024
FF77,4.64232977575953,0.905685334231961,951,1397.05487804878,1465.12918397547,951,0.46923969326908,0.960568310511685
FF78,5.00796666785059,0.970451504654882,999,1385.09826589595,1397.91221769154,999,0.502588855027808,0.968880197262138
FF79,4.55550159839046,0.89997526571558,944,1405.01492537313,1376.15540434599,944,0.460959844004952,0.971368147063608
FF8,5.67270697538609,0.990351188654219,1058,1623.00549450549,1669.42984581159,1058,0.56461003417569,0.938855218855219
FF80,4.39814362996037,0.911141643510945,956,1412.27027027027,1377.25700789852,956,0.444218038204006,0.967160449759058
FF81,3.47611432228755,0.788803069228695,733,1040.34375,1093.52043197259,733,0.365227471193883,0.980215447440682
FF82,4.94201811360859,0.971974497665224,864,1234.80769230769,1220.52625358634,864,0.506619693206358,0.973010500737655
FF83,5.2337368415363,0.98467131806454,944,1309.81927710843,1346.9004183308,944,0.529588776544374,0.965564874198323
FF84,4.99473229977884,0.958973090610968,932,1311.27083333333,1296.91644730284,932,0.50635016680881,0.970115565185988
FF85,4.71149000317756,0.942984579503317,772,1049.3488372093,1054.53601841499,772,0.491166130311842,0.967757459095284
FF86,4.87832014409846,0.974892409018578,778,1087.09917355372,1078.10674582541,778,0.507966466921665,0.973757302940331
FF87,4.54619567917606,0.930563770849191,919,1355.35416666667,1351.14003318997,919,0.461827726521715,0.969327803697944
FF88,5.2305613363684,0.976410900865635,798,1152.20689655172,1193.91958115318,798,0.542575564311135,0.946748506967485
FF9,5.43851654077396,0.979934986444489,1130,1678.1320754717,1576.58198761003,1130,0.536231427064074,0.96075117370892
FF90,5.71785046425831,0.990851416402903,932,1453.4,1432.52801340584,932,0.579657599766302,0.932675960557633
FF91,3.97020241609938,0.870658668304697,925,1300.44571428571,1388.47141020699,925,0.402930852194943,0.972696502444528
FF92,4.90326721432534,0.949349869716766,936,1344.23943661972,1321.74296427081,936,0.496766568777034,0.967107166972123
FF93,4.88819037545835,0.963192172390244,885,1338.79054054054,1365.31174959856,885,0.499328216515175,0.956573186605135
FF94,4.57468420317152,0.960497601885608,798,1173.71111111111,1189.60055124042,798,0.474540245962274,0.967375741460421
FF95,5.30789135648672,0.973078485390818,917,1363.71544715447,1277.04049149368,917,0.539377211608453,0.962780269058296
FF96,3.36346360765067,0.849846744798186,463,652.406779661017,636.841266184972,463,0.379843433247315,0.988302269359744
FF97,4.9548504816487,0.970867868472297,851,1306.78358208955,1302.5368326105,851,0.50907661376109,0.958799293702178
FF98,4.56583374920799,0.950719455835575,790,1198.35766423358,1243.88986972075,790,0.47433740451206,0.958804722085588
FF99,5.15794515565329,0.974945919363125,884,1284.75939849624,1258.43582938406,884,0.526971445042051,0.966180577102079
FFA100,4.39636793031707,0.915168645947763,699,1033.31896551724,1058.24096207469,699,0.465266035630492,0.963930187459599
FFA105,4.42200049213993,0.92951517212596,690,999.863309352518,1061.5365264687,690,0.468906499228284,0.947396672034353
FFA106,5.43788972960977,0.986118838789603,842,1183.25694444444,1199.99268974867,842,0.559587445894175,0.954683215471208
FFA108,5.20381836577859,0.986102665096124,563,869.957894736842,875.611211693805,563,0.56953304451599,0.928338762214984
FFA109,4.9737900791622,0.968783718117058,777,1150.06338028169,1220.64303552512,777,0.518007583056148,0.947588424437299
FFA110,5.20876919519671,0.977312019677066,598,873.983606557377,945.952654478684,598,0.564697338441186,0.919876733436055
FFA58,5.28803257077264,0.98352488606681,867,1266.85430463576,1300.28376859125,867,0.541812823210748,0.953137624562349
FFA65,4.44991519638727,0.918011634137357,624,1073.59090909091,1127.6561985173,624,0.479237742372406,0.925654944536228
FFA66,5.05198539506942,0.979447654701033,607,967.466019417476,975.438224007595,607,0.546423297295269,0.934121621621622
FFA89,5.21602014839173,0.981345305004349,845,1143.2426035503,1202.26401242196,845,0.53647263217647,0.955925155925156
Li_msystem_SRR14263242,4.54186196057819,0.956572719911982,631,1023.08510638298,1002.87028397121,631,0.488293696559074,0.955019017694725
Li_msystem_SRR14263243,5.52212084202167,0.983745038295996,1087,1256.5,1251.66542544647,1087,0.54749615896713,0.987587873462214
Li_msystem_SRR14263244,4.81238067598494,0.973804243292175,801,942.156716417911,973.673282275198,801,0.498916762365925,0.988902168345569
Li_msystem_SRR14263245,4.85104524235196,0.976659118110925,893,1060.07547169811,1078.30744089132,893,0.494877545893489,0.985583224115334
Li_msystem_SRR14263246,4.23691614544702,0.929435016588542,875,1160.07246376812,1155.71559894519,875,0.433526634158025,0.98356052185105
Li_msystem_SRR14263247,3.35356345192534,0.781454924072691,684,883.105263157895,862.446686600068,684,0.356085789900053,0.990169884559157
Li_msystem_SRR14263248,5.56815418899605,0.984407647774504,1239,1501.24864864865,1503.3258714147,1239,0.541914901190469,0.983914209115281
Li_msystem_SRR14263249,5.38038521425406,0.987160524411639,906,1082.97435897436,1062.6435365784,906,0.547712926003644,0.988428814520703
Li_msystem_SRR14263250,5.61495198846829,0.990587852622038,891,1262.81506849315,1254.03149171652,891,0.572996287415223,0.949649069270674
Li_msystem_SRR14263251,4.81037336178682,0.977024403280567,603,847.125,836.525429586171,603,0.520827844331972,0.967011249619945
Li_msystem_SRR14263252,5.36538561503484,0.989357445917838,706,1035.39344262295,1056.9977311509,706,0.566954276589476,0.943962115232833
Li_msystem_SRR14263253,4.73727074420453,0.966840099092809,718,1050.72932330827,1077.69500391472,718,0.499299179509425,0.947847392369618
Li_msystem_SRR14263254,4.9772481081884,0.972337946900657,984,1222.00740740741,1204.7051095415,984,0.500602549336545,0.987940939087499
Li_msystem_SRR14263255,5.68676679220733,0.985480046184081,1425,1790.19339622642,1763.26573020702,1425,0.542798945541794,0.977791556282058
Li_msystem_SRR14263256,5.80500725665005,0.992654520998837,1252,1567.33870967742,1554.43996503326,1252,0.564139613639336,0.980189442070001
Li_msystem_SRR14263257,4.64076078858199,0.969387187270774,806,1094.72277227723,1037.22803752311,806,0.480676928148224,0.987743732590529
Li_msystem_SRR14263258,5.30119103758842,0.982986720368368,1177,1556.37078651685,1532.44154856101,1177,0.519678828585753,0.979918144611187
Li_msystem_SRR14263259,4.77118701642963,0.974743482450873,579,807.224489795918,832.311945654876,579,0.519883284912459,0.969912006812376
Li_msystem_SRR14263260,4.70761249334351,0.966108118470951,945,1180.97945205479,1187.42015677087,945,0.476277952129881,0.986785911671607
Li_msystem_SRR14263261,5.61721389691245,0.986336318363639,1272,1540.62244897959,1542.1614192749,1272,0.544679302700141,0.982258856924505
Li_msystem_SRR14263262,5.47762325627567,0.985644741253763,811,1044.80152671756,1037.98132145527,811,0.566832961234556,0.964156670039023
Li_msystem_SRR14263263,5.26274941723134,0.969550230616461,1220,1525.87628865979,1541.99810378233,1220,0.513305486451792,0.980838655928909
Li_msystem_SRR14263264,4.67960081078949,0.96211613354262,778,978.307692307692,982.013594692008,778,0.487274352696218,0.986615678776291
Li_msystem_SRR14263265,5.34493458525355,0.986378115996363,1047,1269.12949640288,1253.20769195955,1047,0.532786106716518,0.988782267874037
Li_msystem_SRR14263266,5.01398212419444,0.975791483319328,672,957.227272727273,946.820344209659,672,0.533838657543053,0.954896675651393
Li_msystem_SRR14263267,5.32498678981274,0.982111205416383,1013,1239.86896551724,1232.92186997675,1013,0.533329688833188,0.985478585150865
Li_msystem_SRR14263268,5.34834448903389,0.988547622615576,856,1087.63461538462,1034.46723941893,856,0.549028652101378,0.98475926567371
Li_msystem_SRR14263269,5.17907718867063,0.983471506739323,1058,1329.61073825503,1292.60593598209,1058,0.515478582126982,0.9844057780696
Li_msystem_SRR14263270,4.50591374687481,0.958790149195275,932,1279.80508474576,1209.65652180681,932,0.456795287598735,0.985532815808045
Li_msystem_SRR14263271,5.19121965546264,0.980051295439263,823,1254.48648648649,1167.68932048457,823,0.536020072272835,0.961006289308176
Li_msystem_SRR14263272,5.35276977166292,0.987897632745133,1037,1449.36585365854,1345.62476812804,1037,0.534304533361503,0.982592087312415
Li_msystem_SRR14263273,4.96884004804689,0.974353097593691,1010,1209.23076923077,1217.92458411061,1010,0.497872801216101,0.984964145269489
Li_msystem_SRR14263274,4.81877870551563,0.97636017916702,524,711.535714285714,715.509570125845,524,0.533438842030922,0.967945254817216
Li_msystem_SRR14263275,5.34257264954488,0.984502300623557,945,1142.54198473282,1141.6725083831,945,0.540518057556416,0.987487652288443
Li_msystem_SRR14263276,5.34684524092461,0.983716486820828,1122,1389.33707865169,1395.15735467883,1122,0.527726088288887,0.981705150976909
Li_msystem_SRR14263277,5.31179162491267,0.9826542928292,1067,1383.69852941176,1333.44310292978,1067,0.528045504913283,0.984038221401813
Li_msystem_SRR14263278,5.26038665120348,0.979679133134356,850,1163.45517241379,1169.88803990672,850,0.540562552150689,0.960341431385423
Li_msystem_SRR14263279,4.85475179470902,0.971565068336608,626,867.85046728972,882.615701512665,626,0.522577173921661,0.963595720900527
Li_msystem_SRR14263280,5.38825376147065,0.985304296178285,1050,1329.00709219858,1294.61007960839,1050,0.536883275388032,0.984859913793103
Li_msystem_SRR14263281,4.93125197772125,0.968817930492627,1136,1385.453125,1397.1540634884,1136,0.485849737895923,0.984541737309265
Li_msystem_SRR14263282,4.91249362056092,0.975321073082057,975,1203.86029411765,1187.78215120935,975,0.494749297317893,0.988228092480105
Li_msystem_SRR14263283,5.31575819492865,0.98196669315566,901,1211.33962264151,1157.85820553715,901,0.541574183577317,0.983171817705605
Li_msystem_SRR14263284,5.07244990999611,0.977489289374292,981,1181.69343065693,1179.31942477976,981,0.510403915220948,0.989391955942762
Li_msystem_SRR14263285,4.154310832113,0.949109428522445,495,750,764.165179554427,495,0.464102189171437,0.963432037103104
Li_msystem_SRR14263286,4.23645087763239,0.954087116595779,521,712.523255813953,717.735330324662,521,0.469405580755678,0.978978978978979
M_A1_H1,4.51222238375198,0.90839222123161,818,1279.31147540984,1218.44897462402,818,0.466333445713963,0.957910559939872
M_A1_H10,4.50430580128799,0.946427865922061,701,1009.125,1073.46876513316,701,0.476481206946786,0.95621319643666
M_A1_H11,3.79954425367695,0.883690482238425,581,1067.09375,1146.24544763124,581,0.413785784779348,0.943458980044346
M_A1_H12,4.91320774670385,0.973599934171306,581,1031.0101010101,1093.32345199482,581,0.5350682575381,0.905109489051095
M_A1_H2,4.52375657824498,0.946079028303164,719,1263.01052631579,1192.05829062448,719,0.476694315557355,0.955926635641938
M_A1_H3,4.12289980979216,0.941632103570542,470,669.943661971831,673.809849232096,470,0.464472701918023,0.978696583890079
M_A1_H4,4.20010984540343,0.935913843927035,575,1017.5632183908,1008.23085623394,575,0.458156241876362,0.947238565192636
M_A1_H5,5.05151553014668,0.973427903064356,637,939.219298245614,960.230997913197,637,0.542290330003366,0.938637424171722
M_A1_H6,5.2493472047273,0.984469845794919,595,934.3,945.717752093764,595,0.569544531821902,0.924083769633508
M_A1_H7,4.76834958203029,0.967710694719295,504,850.273684210526,917.573632115692,504,0.531157502346355,0.905096011816839
M_A1_H8,3.68080126505499,0.918617482866745,523,869.5,938.405845396678,523,0.407589075039775,0.96414907184356
M_A1_H9,4.17530815621391,0.887773261690608,653,1031.47524752475,1000.86502573559,653,0.446512171146792,0.955637411915439
M_A4_M1,4.94196946818018,0.972593980858576,787,1233.04424778761,1213.2099476597,787,0.513706501287717,0.961865931166807
M_A4_M10,5.3415741820578,0.972651758777921,841,1363.52142857143,1389.07272894231,841,0.549773062864517,0.924960815047022
M_A4_M11,5.14753445062384,0.98439807791827,545,914.90625,951.024666129724,545,0.566278414718874,0.900521609538003
M_A4_M2,5.19690454976423,0.983075271360473,900,1299.21052631579,1376.74064219395,900,0.529551703722034,0.951373373636483
M_A4_M3,5.39348107644415,0.987835525115399,846,1261.93150684932,1296.53182983032,846,0.554627322034586,0.948487084870849
M_A4_M4,4.88624233585725,0.965481017619714,790,1196.2734375,1194.17490213534,790,0.507624156882524,0.956310022994725
M_A4_M5,5.08903974000704,0.979766844584894,825,1181.79220779221,1234.24131199669,825,0.525279547660899,0.956269757639621
M_A4_M6,5.10157625663181,0.964973155752763,949,1454.29220779221,1458.07669036241,949,0.515817991687516,0.949834899669799
M_A4_M7,5.09513992093566,0.979127909561472,922,1387.70588235294,1414.79302383069,922,0.517345414861983,0.958402112908551
M_A4_M8,5.07592857288773,0.976103585367531,867,1222.79136690647,1231.79271044083,867,0.520080607236231,0.967327040763406
M_A4_M9,5.16707065689176,0.983960971263088,855,1160.06756756757,1175.49756816726,855,0.530512017047584,0.970049751243781
M_A6_L1,4.00973645968865,0.886515839796652,697,1172.11278195489,1312.81196408817,697,0.424534691064318,0.941020543406229
M_A6_L10,5.26692680057429,0.987023020839118,722,1058.41911764706,1147.12459904115,722,0.554655350746318,0.945728103170339
M_A6_L11,4.20691921383476,0.909663133879836,840,1295.78698224852,1412.97454198215,840,0.433067005171338,0.950050838840874
M_A6_L2,5.16430111986214,0.973273483921293,790,1228.75,1301.69378659295,790,0.536511253774638,0.936355394378966
M_A6_L3,5.1193224607423,0.977870737076964,802,1308.48322147651,1359.69724447924,802,0.530639494304974,0.921127331711273
M_A6_L4,4.8357881884326,0.931442910013189,763,1181.96875,1182.40053866335,763,0.505014711315732,0.936898807233551
M_A6_L5,5.49720732996631,0.987307681019876,842,1328.06060606061,1425.80499768634,842,0.565691538866004,0.910029167601526
M_A6_L6,5.14774943539913,0.973177179183894,784,1284.52,1380.34381203918,784,0.535403513872015,0.908317580340265
M_A6_L7,4.3925847647515,0.890199595838425,736,1217.33064516129,1263.77394812548,736,0.461233389882847,0.942246703388416
M_A6_L8,5.26129473620931,0.977777032882118,887,1384.20529801325,1409.57796795555,887,0.537262065059346,0.938029068838844
M_A6_L9,4.53489191703434,0.935921226749988,764,1114.20740740741,1152.71871018961,764,0.473497845659732,0.958729733351199
M_B1_H13,4.36394966344656,0.932999268880506,433,689.285714285714,714.117450300426,433,0.498268833352944,0.919753086419753
M_B1_H14,4.88620187198278,0.976978582486344,524,988.1,963.662250594306,524,0.540902587109135,0.904277699859747
M_B1_H15,4.93215836960361,0.977835106349481,413,720.721518987342,780.205845600178,413,0.567567263631706,0.865489957395009
M_B1_H16,4.82750710222001,0.963132639789058,655,1038.8,1093.74633288086,655,0.51601559925045,0.929351615152219
M_B1_H17,5.09284955030559,0.974500384358179,484,816,866.671515382992,484,0.571020029662643,0.866916087653661
M_B1_H18,4.61508536574809,0.963658446102891,485,838.267441860465,872.136200385916,485,0.517279494030231,0.909689213893967
M_B1_H19,4.64750968869572,0.960975622379794,496,853.011111111111,901.995733705841,496,0.519031471680446,0.90863309352518
M_B1_H20,5.38056198805501,0.982608213356806,828,1331.25757575758,1318.03933662281,828,0.555069812508734,0.934493898061737
M_B1_H21,4.59768389295322,0.949528001937955,531,956.406976744186,984.703629480053,531,0.507887250021258,0.912127107652399
M_B1_H22,4.4591292090384,0.963992008739085,541,866.029411764706,938.764595311525,541,0.491121392370346,0.945592576971742
M_B2_M12,4.55423309424358,0.945380019974111,506,902.011494252873,947.461328671946,506,0.506983897558733,0.900829562594268
M_B2_M13,5.4451012819805,0.988622188600624,660,1052.14285714286,1104.27261610574,660,0.581348917689241,0.905642923219241
M_B2_M14,5.2997623241768,0.989829660880277,448,781.12987012987,794.002014015975,448,0.601742790097376,0.867869615832363
M_B2_M15,4.89872714776479,0.980115669397276,565,948.682692307692,1045.69280822384,565,0.5358422426099,0.925171866737176
M_B2_M16,4.62866076430274,0.960309092640643,475,738.325842696629,777.899690096623,475,0.520554808663129,0.927278820375335
M_B2_M17,4.30507588861238,0.931164545344765,571,994.632183908046,966.236792965653,571,0.470122615097994,0.94021978021978
M_B2_M18,5.10632042045197,0.984009010450215,579,917.839285714286,982.333451018713,579,0.556400456502478,0.91714199939958
M_B2_M19,5.06594128926738,0.976168132257009,832,1166.43835616438,1188.52151675449,832,0.522238314598606,0.959560723514212
M_B2_M20,5.7353001289803,0.990214967022814,932,1314.65269461078,1358.27319179839,932,0.581426591598582,0.94269249239635
M_B4_L12,5.17274571288231,0.976839604938272,747,1297.55,1319.2964219084,747,0.54193451943233,0.919111111111111
M_B4_L13,5.62897457240585,0.990887980237351,907,1238.66298342541,1293.4480658104,907,0.57292602656803,0.940926115083419
M_B4_L14,5.43097317213081,0.986737252293875,933,1332.38823529412,1362.56386527001,933,0.550488546875333,0.947998872604284
M_B4_L15,5.47233169102265,0.986758059339418,836,1310.30656934307,1298.88734498683,836,0.563730219163077,0.929312708047778
M_B4_L16,4.78566511543394,0.971582329611486,450,835.138888888889,881.386528214286,450,0.54297525790666,0.907414672420557
M_B4_L17,5.42913155802759,0.987709379888658,686,1139.87931034483,1191.42754863234,686,0.576214629464161,0.909495962127541
M_B4_L18,4.71796848094435,0.957613832946523,670,1060.86666666667,1044.26107217487,670,0.502552172364359,0.948510943667025
M_B4_L19,3.84442858574304,0.813630108420048,599,1001.22123893805,1045.24579643651,599,0.416676439921878,0.920211360634082
M_B4_L20,5.91867420856788,0.993565751091223,934,1500.73913043478,1424.91204066779,934,0.599828419232639,0.923300406740267
M_B4_L21,5.25205530637465,0.983475820534588,575,954.223300970874,1010.29561764689,575,0.57290452151598,0.898403483309144
M_C2_L22,3.92697888039702,0.898008961957313,371,685.0625,736.506297200157,371,0.460088129218831,0.914212548015365
M_C2_L23,5.22707390315346,0.978469217484172,825,1328.72093023256,1305.18758960514,825,0.539527131976129,0.94287070739041
M_C2_L24,4.80720207723517,0.963954241403566,670,1026.27678571429,1025.67693782705,670,0.512057224770911,0.946884384384384
M_C2_L25,3.30289122831428,0.73102567651581,761,1073.39705882353,1119.64083277249,761,0.345066504675713,0.972450231153882
M_C2_L26,4.76257492968335,0.947746457131042,799,1257.56557377049,1237.13864352241,799,0.493937917090456,0.955015442460051
M_C2_L27,4.72115591769561,0.969779074542559,722,1134.94957983193,1128.21789597564,722,0.497180707195701,0.953904873752202
M_C2_L28,4.66854458231534,0.954686951176948,767,1256.18584070796,1240.09593591503,767,0.487165215576221,0.961038961038961
M_C2_L29,4.93314971303936,0.96277225866558,902,1366.46060606061,1427.87191617014,902,0.502511759452594,0.945781466113416
M_C2_L30,4.41090701552011,0.935342896130149,718,1063.97014925373,1096.19917672503,718,0.464901073352389,0.952403245942572
M_C2_L31,4.69165593278884,0.947486388950769,716,1082.89075630252,1089.60868643029,716,0.494701293548556,0.955820895522388
M_C2_L32,4.96945667105104,0.97260260420479,758,1277,1269.72961148594,758,0.519488668077934,0.941066257877704
M_C2_L33,4.88484357518685,0.939349424895423,889,1309.31690140845,1282.21012763118,889,0.498654943247049,0.956318646635526
M_C4_M21,4.00647062620339,0.873902587295065,761,1322.86666666667,1222.43623568827,761,0.418572311197639,0.955658674916215
M_C4_M22,3.55233506654392,0.788760455344416,613,974.25,1032.32489936576,613,0.383632133784239,0.946583164487014
M_C4_M23,4.42772987599802,0.936414247900231,753,1169.25757575758,1191.02126717602,753,0.463320993118967,0.950916617386162
M_C4_M24,4.45092747645946,0.930494233025354,937,1404.32704402516,1454.17156847107,937,0.450868132270975,0.964564399155421
M_C4_M25,4.93469993258034,0.976179199330304,744,1040.83333333333,1065.55327764829,744,0.517309757631255,0.96819870009285
M_C4_M26,4.16501758387856,0.927434311152762,703,1183.35643564356,1154.60969151331,703,0.44039863014241,0.963951473136915
M_C4_M27,4.64615749731612,0.927858638116324,756,1188.18320610687,1258.41987533142,756,0.485885767291096,0.946962543279824
M_C4_M28,3.66465470433668,0.803018051556405,686,1090.25925925926,1090.32821666287,686,0.388943909353452,0.964920597297938
M_C4_M29,4.47571759416245,0.900987695282122,794,1228.28,1198.30631104412,794,0.464623671305255,0.95324454519694
M_C4_M30,5.07236044597281,0.973375359640054,790,1153.11904761905,1163.42967405101,790,0.526959679403513,0.959486562374649
M_C4_M31,4.59885818223774,0.915917035110502,742,1156.71929824561,1111.40358576381,742,0.48229946179777,0.946914856945881
M_C4_M32,3.33741401479357,0.755200143293951,725,1018.58208955224,1072.03073368654,725,0.351238813068326,0.975945899674713
M_C4_M33,5.06269728748699,0.965645968426577,827,1192.65359477124,1238.57887742949,827,0.522372190047379,0.947900466562986
M_C6_H23,3.86331434608901,0.888775222507304,683,1100.16853932584,1017.17400055945,683,0.410303770128839,0.974509803921569
M_C6_H24,4.38886902523119,0.950384068338336,681,1036,1077.41672415894,681,0.466329905030289,0.965880521968155
M_C6_H25,3.27154289436495,0.808774688309396,590,957.5,930.467289539094,590,0.355425890364151,0.981463341119735
M_C6_H26,4.77122147647963,0.964560971802494,751,1118.07317073171,1140.87722716308,751,0.499464749356927,0.96399090800335
M_C6_H27,3.06718371697756,0.664835830790205,798,1165.04761904762,1213.01676073443,798,0.318164500722684,0.968073750606502
M_C6_H28,4.96287187885925,0.95001851993262,858,1212.64285714286,1255.5227302671,858,0.509282350178347,0.958159524712426
M_C6_H29,4.11796428994093,0.936311071908592,641,1108.1875,1091.13775550644,641,0.441643559919508,0.960479515215387
M_C6_H30,3.12606490848196,0.726062100083384,649,1067.61111111111,1014.20559153123,649,0.334622128336242,0.974221972253468
M_C6_H31,5.20681952976823,0.965085963166578,837,1225.13157894737,1262.0309824094,837,0.536283302348023,0.939954616861581
M_C6_H32,3.41647482868179,0.798317687660468,578,936.809523809524,967.454419121637,578,0.372370844942977,0.952182229177534
M_C6_H33,4.31709335982557,0.922097043432276,569,946.550847457627,1079.26229091628,569,0.47169569503232,0.904686005737966
M_C6_H34,3.21024621581704,0.747328198594211,630,1003.89908256881,1024.40231060748,630,0.345217163598172,0.965066568950776
M_D2_L34,4.01434774364317,0.892885893860574,590,960.462365591398,942.225179613407,590,0.436125451227702,0.955004277159966
M_D2_L35,4.96268551777464,0.971520602137547,823,1239.25757575758,1223.51012579687,823,0.512422749653009,0.956258234519104
M_D2_L36,5.07377858976692,0.978833738186959,733,1028.04032258065,1036.93707830224,733,0.533090442928462,0.962219433988568
M_D2_L37,4.91690783988223,0.976923871478366,668,987.8,949.368705031925,668,0.523983672825848,0.967254408060453
M_D2_L38,5.06039435254552,0.976997403677945,811,1196.875,1265.95881658051,811,0.523657466325692,0.946255092447509
M_D2_L39,4.54229934859202,0.941110509752108,723,1072.71428571429,1080.55045854909,723,0.478244915436598,0.960176381424831
M_D2_L40,5.01357025535562,0.973014464546399,846,1359.45454545455,1301.36916225752,846,0.515559989021672,0.95825449385052
M_D2_L41,4.26471928436094,0.929143518144588,661,1088.59813084112,1119.97154154415,661,0.455218694877712,0.954957633417571
M_D2_L42,4.69225278313824,0.955385532998079,816,1205.39024390244,1198.20920832113,816,0.485116464303651,0.971404851950927
M_D2_L43,4.93029123199077,0.960868526732497,858,1268.88,1240.27367956143,858,0.505938973840507,0.969997195999626
M_D2_L44,4.69590163710252,0.95206527903097,753,1216.5572519084,1255.46923617763,753,0.491382688425841,0.941057253842256
M_D2_L45,4.64050039740331,0.936668207068884,824,1195.41935483871,1171.34746669062,824,0.479068822056084,0.969190230059795
M_D3_M34,4.17113537462171,0.896706187841077,684,1114.04347826087,1124.95988794014,684,0.44289665484024,0.95615866388309
M_D3_M35,3.10016103573142,0.669673596154646,796,1163.19424460432,1176.69449217939,796,0.321706111611155,0.971377459749553
M_D3_M36,4.33758525509791,0.95177795517431,660,1019.625,1000.96178840591,660,0.463104424114367,0.966351467518114
M_D3_M37,4.42132447176807,0.931023637917355,652,1106.08108108108,1146.96216374901,652,0.472933258816287,0.932967959527825
M_D3_M38,4.81279134884126,0.965420668991095,765,1176.25,1219.41730373536,765,0.502414930272891,0.953697207801319
M_D3_M39,5.47444984699333,0.985178454337636,913,1266.3313253012,1314.92008742372,913,0.556659307772543,0.952420585379387
M_D6_H35,5.16142985451002,0.980206372218791,867,1226.16279069767,1318.99736012139,867,0.528841084817243,0.950686466797422
M_D6_H36,4.50383415249554,0.949681545095409,766,1162.24087591241,1183.95311755781,766,0.470069915976091,0.95379445533464
M_D6_H37,4.73082134463782,0.966016042077324,656,1046.6,1010.32067892739,656,0.505561854457565,0.953863898500577
M_D6_H38,5.090344598663,0.974834700913388,799,1241.86666666667,1285.94521463289,799,0.527931685161629,0.932206537890045
M_D6_H39,4.38152321112257,0.958298300459098,519,787.784090909091,800.176885663446,519,0.48577849517572,0.960910883987807
M_D6_H40,4.64004816276879,0.961823972414123,440,930.169491525424,875.559894753435,440,0.528397459407385,0.89576124567474
M_D6_H41,5.25662607041663,0.971913161970509,775,1289.8,1270.13123154149,775,0.547676319787595,0.927601809954751
M_D6_H42,4.75505360487929,0.97284945789489,491,878.345679012346,897.189330505441,491,0.531910226519964,0.913178830854376
M_D6_H43,4.70924002471453,0.97224637258901,647,957.248,1015.98312293502,647,0.5043296970195,0.952671755725191
M_D6_H44,4.28523809525944,0.907836078750196,722,1084.1875,1104.83860326135,722,0.45127459119015,0.953647416413374
